agim-sulaj,/en/agim-sulaj/il-gladiatore-moderno,Il Gladiatore Moderno,,Surrealism,Contemporary Realism,caricature,https://uploads1.wikiart.org/00224/images/agim-sulaj/il-gladiatore-moderno.jpg!Large.jpg
agim-sulaj,/en/agim-sulaj/hunger,Hunger,,Surrealism,Contemporary Realism,caricature,https://uploads4.wikiart.org/00224/images/agim-sulaj/hunger.jpg!Large.jpg
agim-sulaj,/en/agim-sulaj/la-fuga,La Fuga,,Surrealism,Contemporary Realism,caricature,https://uploads4.wikiart.org/00224/images/agim-sulaj/la-fuga.jpg
agim-sulaj,/en/agim-sulaj/luomo-e-la-natura,L'uomo E La Natura,,Surrealism,Contemporary Realism,caricature,https://uploads7.wikiart.org/00224/images/agim-sulaj/l-uomo-e-la-natura.jpg!Large.jpg
agim-sulaj,/en/agim-sulaj/immigration,Immigration,,Surrealism,Contemporary Realism,caricature,https://uploads0.wikiart.org/00224/images/agim-sulaj/immigration.jpg!Large.jpg
agim-sulaj,/en/agim-sulaj/la-chiave,La Chiave,,Surrealism,Contemporary Realism,caricature,https://uploads7.wikiart.org/00224/images/agim-sulaj/la-chiave.jpg!Large.jpg
agim-sulaj,/en/agim-sulaj/non-farlo,Non Farlo,,Surrealism,Contemporary Realism,caricature,https://uploads7.wikiart.org/00224/images/agim-sulaj/non-farlo.jpg!Large.jpg
agim-sulaj,/en/agim-sulaj/stupid-war,Stupid War,,Surrealism,Contemporary Realism,caricature,https://uploads8.wikiart.org/00224/images/agim-sulaj/stupid-war.jpg!Large.jpg
agim-sulaj,/en/agim-sulaj/frate,Frate,,Surrealism,Contemporary Realism,caricature,https://uploads3.wikiart.org/00224/images/agim-sulaj/frate.jpg!Large.jpg
agim-sulaj,/en/agim-sulaj/uomo-chiuso,Uomo Chiuso,,Surrealism,Contemporary Realism,caricature,https://uploads0.wikiart.org/00224/images/agim-sulaj/uomo-chiuso.jpg!Large.jpg
agim-sulaj,/en/agim-sulaj/uomo-e-natura,Uomo E Natura,,Surrealism,Contemporary Realism,caricature,https://uploads2.wikiart.org/00224/images/agim-sulaj/uomo-e-natura.jpg!Large.jpg
agim-sulaj,/en/agim-sulaj/my-bread-my-land,"My Bread, My Land",,Surrealism,Contemporary Realism,caricature,https://uploads4.wikiart.org/00224/images/agim-sulaj/my-bread-my-land.jpg
agim-sulaj,/en/agim-sulaj/europa,Europa,,Surrealism,Contemporary Realism,caricature,https://uploads4.wikiart.org/00224/images/agim-sulaj/europa.jpg!Large.jpg
agim-sulaj,/en/agim-sulaj/indipendenza,Indipendenza,,Surrealism,Contemporary Realism,caricature,https://uploads1.wikiart.org/00224/images/agim-sulaj/indipendenza.jpg!Large.jpg
agim-sulaj,/en/agim-sulaj/no-war,No War,,Surrealism,Contemporary Realism,caricature,https://uploads4.wikiart.org/00224/images/agim-sulaj/no-war.jpg!Large.jpg
agim-sulaj,/en/agim-sulaj/the-economy,The Economy,,Surrealism,Contemporary Realism,caricature,https://uploads8.wikiart.org/00224/images/agim-sulaj/the-economy.jpg
agim-sulaj,/en/agim-sulaj/acqua,Acqua,,Surrealism,Contemporary Realism,caricature,https://uploads2.wikiart.org/00224/images/agim-sulaj/acqua.jpg
agim-sulaj,/en/agim-sulaj/controllo-dal-medico,Controllo Dal Medico,,Contemporary Realism,caricature,caricature,https://uploads0.wikiart.org/00224/images/agim-sulaj/controllo-dal-medico.jpg!Large.jpg
agim-sulaj,/en/agim-sulaj/il-vino-ubriaco,Il Vino Ubriaco,,Surrealism,Contemporary Realism,caricature,https://uploads4.wikiart.org/00224/images/agim-sulaj/il-vino-ubriaco.png!Large.png
agim-sulaj,/en/agim-sulaj/il-servilismo,Il Servilismo,,Surrealism,Contemporary Realism,caricature,https://uploads2.wikiart.org/00224/images/agim-sulaj/il-servilismo.jpg!Large.jpg
