keith-haring,/en/keith-haring/untitled-1983-3,Untitled,1983,Pop Art,figurative,figurative,https://uploads8.wikiart.org/images/keith-haring/untitled-1983(3).jpg
keith-haring,/en/keith-haring/the-marriage-of-heaven-and-hell-1984,The Marriage of Heaven and Hell,1984,Neo-Expressionism,figurative,figurative,https://uploads1.wikiart.org/images/keith-haring/the-marriage-of-heaven-and-hell-1984.jpg
keith-haring,/en/keith-haring/crack-is-wack-1986,Crack Is Wack,1986,Street art,graffiti,graffiti,https://uploads1.wikiart.org/images/keith-haring/crack-is-wack-1986.jpg
keith-haring,/en/keith-haring/andy-mouse-1986,Andy Mouse,1986,Pop Art,figurative,figurative,https://uploads7.wikiart.org/images/keith-haring/andy-mouse-1986.jpg
keith-haring,/en/keith-haring/lucky-strike-1987-1,Lucky Strike,1987,Pop Art,advertisement,advertisement,https://uploads3.wikiart.org/images/keith-haring/lucky-strike-1987(1).jpg
keith-haring,/en/keith-haring/radiant-baby-from-icons-series-1990,Radiant Baby (from Icons series),1990,Pop Art,figurative,figurative,https://uploads0.wikiart.org/images/keith-haring/radiant-baby-from-icons-series-1990.jpg
keith-haring,/en/keith-haring/fight-aids-worldwide-1990,Fight Aids Worldwide,1990,Neo-Expressionism,poster,poster,https://uploads8.wikiart.org/images/keith-haring/fight-aids-worldwide-1990.jpg
keith-haring,/en/keith-haring/best-buddies-1990,Best Buddies,1990,Neo-Expressionism,Pop Art,poster,https://uploads1.wikiart.org/images/keith-haring/best-buddies-1990.jpg!Large.jpg
keith-haring,/en/keith-haring/flowers-iv-1990,Flowers IV,1990,Neo-Expressionism,figurative,figurative,https://uploads7.wikiart.org/images/keith-haring/flowers-iv-1990.jpg
keith-haring,/en/keith-haring/fight-aids-worldwide-1990-0,Fight AIDS worldwide,1990,Pop Art,design,design,https://uploads6.wikiart.org/00205/images/keith-haring/keith-haring-fight-aids-worldwide-photo-via-regency-stamps-com.jpg!Large.jpg
keith-haring,/en/keith-haring/barking-dog-1990,Barking Dog,1990,Pop Art,figurative,figurative,https://uploads5.wikiart.org/00314/images/keith-haring/barking-dog-1990.jpg
keith-haring,/en/keith-haring/untitled-1989,Untitled,1989,Neo-Expressionism,Pop Art,poster,https://uploads6.wikiart.org/images/keith-haring/untitled-1989.jpg!Large.jpg
keith-haring,/en/keith-haring/pop-shop-iii-1989,Pop Shop III,1989,Pop Art,figurative,figurative,https://uploads0.wikiart.org/images/keith-haring/pop-shop-iii-1989.jpg
keith-haring,/en/keith-haring/piglet-goes-shopping-1989,Piglet Goes Shopping,1989,Neo-Expressionism,Pop Art,figurative,https://uploads8.wikiart.org/images/keith-haring/piglet-goes-shopping-1989.jpg
keith-haring,/en/keith-haring/labyrinth-1989,Labyrinth,1989,Neo-Expressionism,abstract,abstract,https://uploads7.wikiart.org/images/keith-haring/labyrinth-1989.jpg!Large.jpg
keith-haring,/en/keith-haring/ignorance-fear-1989,Ignorance = Fear,1989,Neo-Expressionism,poster,poster,https://uploads2.wikiart.org/images/keith-haring/ignorance-fear-1989.jpg
keith-haring,/en/keith-haring/chocolate-buddha-1-1989,Chocolate Buddha 1,1989,Neo-Expressionism,figurative,figurative,https://uploads6.wikiart.org/images/keith-haring/chocolate-buddha-1-1989.jpg
keith-haring,/en/keith-haring/brazil-1989,Brazil,1989,Neo-Expressionism,abstract,abstract,https://uploads3.wikiart.org/images/keith-haring/brazil-1989.jpg
keith-haring,/en/keith-haring/stop-aids-1989,Stop AIDS,1989,Pop Art,design,design,https://uploads3.wikiart.org/00205/images/keith-haring/2f941129c096685594196604aecf61a3.jpg!Large.jpg
keith-haring,/en/keith-haring/untitled-1988,Untitled,1988,Neo-Expressionism,abstract,abstract,https://uploads5.wikiart.org/images/keith-haring/untitled-1988.jpg
