utagawa-kuniyoshi,/en/utagawa-kuniyoshi/banners-for-the-boys-festival,Banners for the boys festival,,Ukiyo-e,design,design,https://uploads0.wikiart.org/images/utagawa-kuniyoshi/banners-for-the-boys-festival.jpg!Large.jpg
utagawa-kuniyoshi,/en/utagawa-kuniyoshi/courtesan-in-training,Courtesan in training,,Ukiyo-e,portrait,portrait,https://uploads1.wikiart.org/images/utagawa-kuniyoshi/courtesan-in-training.jpg!Large.jpg
utagawa-kuniyoshi,/en/utagawa-kuniyoshi/hatsuhana-doing-penance-under-the-tonosawa-waterfall,Hatsuhana doing penance under the Tonosawa waterfall,,Ukiyo-e,portrait,portrait,https://uploads5.wikiart.org/images/utagawa-kuniyoshi/hatsuhana-doing-penance-under-the-tonosawa-waterfall.jpg!Large.jpg
utagawa-kuniyoshi,/en/utagawa-kuniyoshi/suikoden-series,Suikoden Series,,Ukiyo-e,Suikoden,genre painting,https://uploads4.wikiart.org/images/utagawa-kuniyoshi/suikoden-series.jpg!Large.jpg
utagawa-kuniyoshi,/en/utagawa-kuniyoshi/the-actor-11,The actor,,Ukiyo-e,portrait,portrait,https://uploads1.wikiart.org/images/utagawa-kuniyoshi/the-actor-11.jpg!Large.jpg
utagawa-kuniyoshi,/en/utagawa-kuniyoshi/flowers-of-edo-left-1860,Flowers of Edo (Left),1860,Ukiyo-e,genre painting,genre painting,https://uploads6.wikiart.org/00238/images/utagawa-kuniyoshi/flower-of-edo-left.jpg!Large.jpg
utagawa-kuniyoshi,/en/utagawa-kuniyoshi/flowers-of-edo-center-1860,Flowers of Edo (Center),1860,Ukiyo-e,genre painting,genre painting,https://uploads2.wikiart.org/00238/images/utagawa-kuniyoshi/flowers-of-edo.jpg!Large.jpg
utagawa-kuniyoshi,/en/utagawa-kuniyoshi/flowers-of-edo-right-1860,Flowers of Edo (Right),1860,Ukiyo-e,genre painting,genre painting,https://uploads8.wikiart.org/00238/images/utagawa-kuniyoshi/flowers-of-edo-right.jpg!Large.jpg
utagawa-kuniyoshi,/en/utagawa-kuniyoshi/women-17,Wishing to gaze at the moon,1852,Ukiyo-e,Celebrated Products of Mountains and Seas,portrait,https://uploads5.wikiart.org/00242/images/utagawa-kuniyoshi/an00465134-001-l.jpg!Large.jpg
utagawa-kuniyoshi,/en/utagawa-kuniyoshi/women-28,"Oh, Ouch, It hurts",1852,Ukiyo-e,Celebrated Products of Mountains and Seas,portrait,https://uploads5.wikiart.org/00242/images/utagawa-kuniyoshi/an00463639-001-l.jpg!Large.jpg
utagawa-kuniyoshi,/en/utagawa-kuniyoshi/women-10,Wanting to see the next volume,1852,Ukiyo-e,Celebrated Products of Mountains and Seas,portrait,https://uploads5.wikiart.org/00242/images/utagawa-kuniyoshi/an00463729-001-l.jpg!Large.jpg
utagawa-kuniyoshi,/en/utagawa-kuniyoshi/women-9,Wanting to Decide Right Away,1852,Ukiyo-e,Celebrated Products of Mountains and Seas,portrait,https://uploads8.wikiart.org/00242/images/utagawa-kuniyoshi/sc159538-6.jpg!Large.jpg
utagawa-kuniyoshi,/en/utagawa-kuniyoshi/sixty-nine-stations-of-the-kisokaido-warabi-inuyama-dosetsu-edo-period-1852,"Sixty-nine Stations of the Kisokaido: Warabi, Inuyama Dosetsu, Edo period",1852,Ukiyo-e,portrait,portrait,https://uploads1.wikiart.org/images/utagawa-kuniyoshi/sixty-nine-stations-of-the-kisokaido-warabi-inuyama-dosetsu-edo-period-1852.jpg!Large.jpg
utagawa-kuniyoshi,/en/utagawa-kuniyoshi/prince-shôtoku,Prince Shôtoku,1852,Ukiyo-e,history painting,history painting,https://uploads3.wikiart.org/images/utagawa-kuniyoshi/prince-shôtoku.jpg!Large.jpg
utagawa-kuniyoshi,/en/utagawa-kuniyoshi/amusements-of-the-first-snowfall-1852,Amusements of the First Snowfall,1852,,Ukiyo-e,genre painting,https://uploads5.wikiart.org/00238/images/utagawa-kuniyoshi/sc135473.jpg!Large.jpg
utagawa-kuniyoshi,/en/utagawa-kuniyoshi/wanting-to-see-the-early-blooming-1852,Wanting to See the Early Blooming,1852,Ukiyo-e,Celebrated Products of Mountains and Seas,bijinga,https://uploads0.wikiart.org/00240/images/utagawa-kuniyoshi/vangoghmuseum-n0418v1962-3840.jpg!Large.jpg
utagawa-kuniyoshi,/en/utagawa-kuniyoshi/wishing-to-remove-makeup-1852,Wishing to remove makeup,1852,Ukiyo-e,Celebrated Products of Mountains and Seas,bijinga,https://uploads5.wikiart.org/00242/images/utagawa-kuniyoshi/an00463642-001-l.jpg!Large.jpg
utagawa-kuniyoshi,/en/utagawa-kuniyoshi/jellyfish-from-bizen-1852,Jellyfish from Bizen,1852,Ukiyo-e,Celebrated Products of Mountains and Seas,bijinga,https://uploads5.wikiart.org/00242/images/utagawa-kuniyoshi/an00463720-001-l.jpg!Large.jpg
utagawa-kuniyoshi,/en/utagawa-kuniyoshi/flounder-from-wakasa-1852,Flounder from Wakasa,1852,Ukiyo-e,Celebrated Products of Mountains and Seas,portrait,https://uploads5.wikiart.org/00242/images/utagawa-kuniyoshi/an00463630-001-l.jpg!Large.jpg
utagawa-kuniyoshi,/en/utagawa-kuniyoshi/cant-wait-to-see-it-1852,Can't wait to see it,1852,Ukiyo-e,Celebrated Products of Mountains and Seas,portrait,https://uploads5.wikiart.org/00242/images/utagawa-kuniyoshi/an00463633-001-l.jpg!Large.jpg
